<?xml version="1.0" encoding="UTF-8"?>
<addon id="service.takealug.epg-grabber" name="Takealug EPG Grabber" version="0.0.5" provider-name="DeBaschdi">
    <requires>
        <import addon="xbmc.python" version="2.14.0"/>
        <import addon="script.module.requests"/>
    </requires>
    <extension point="xbmc.service" library="service.py" start="startup" />
    <extension point="xbmc.addon.metadata">
        <platform>all</platform>
        <summary>EPG Grabber</summary>
        <description> Grabbs EPG Data from Different IPTV Sources and generate an xmltv Guide</description>
        <source>https://github.com/DeBaschdi/repo/tree/master/service.takealug.epg-grabber/</source>
        <forum>https://www.kodinerds.net/</forum>
        <assets>
            <icon>icon.png</icon>
            <fanart>fanart.jpg</fanart>
        </assets>
        <news>Add New Provider Horizon DE</news>
    </extension>
</addon>
