<?xml version="1.0" encoding="UTF-8"?>
<addon id="service.telerising" name="Telerising API" version="0.3.6" provider-name="DeBaschdi, sunsettrack4">
    <requires>
        <import addon="xbmc.python" version="2.14.0"/>
        <import addon="script.module.requests"/>
    </requires>
    <extension point="xbmc.service" library="service.py" start="startup" />
    <extension point="xbmc.addon.metadata">
        <platform>linux</platform>
        <summary>Telerising API</summary>
        <description> Zattoo and Reseller for tvHeadend, VLC and IPTVsimple</description>
        <source>https://github.com/DeBaschdi/repo/tree/master/service.telerising-api/</source>
        <forum>https://www.kodinerds.net/index.php/Thread/60875-Telerising-API-Zattoo-f%C3%BCr-tvHeadend-und-VLC-v0-2-4-2020-01-25/</forum>
    </extension>
</addon>
