<?xml version="1.0" encoding="UTF-8"?>
<addon id="plugin.video.telerising-cloudcontrol"
version="0.0.6~beta1"
name="Telerising Cloudcontrol VoD"
provider-name="DeBaschdi, Birger Jesch">
<requires>
  <import addon="xbmc.python" version="2.25.0"/>
  <import addon="script.module.requests"/>
</requires>
<extension point="xbmc.python.pluginsource" library="default.py">
  <provides>video</provides>
</extension>
<extension point="xbmc.addon.metadata">
  <summary lang="en">Telerising Cloud Control</summary>
  <description lang="en_GB">Watch / Download and Delete Cloud Recordings via Telerising API. Get Access to Zattoo VOD Service</description>
  <disclaimer lang="en_GB">Get Telerising here :
    https://github.com/sunsettrack4/telerising </disclaimer>
  <assets>
    <icon>icon.png</icon>
    <fanart>fanart.jpg</fanart>
    <screenshot>resources\screenshot-01.png</screenshot>
    <screenshot>resources\screenshot-02.png</screenshot>
    <screenshot>resources\screenshot-03.png</screenshot>
    <screenshot>resources\screenshot-04.png</screenshot>
  </assets>
  <news>Initial Release</news>
</extension>
</addon>
